{"learning_rate": 0.5, "alpha": 0.7, "num_inputs": 1, "hidden_layer": [{"1": 0.931231259531316}, {"1": 0.4231627405017401}], "hidden_bias": [0.9764598357700215, 0.21150114663555986], "output_layer": [{"1": 0.04563249532729552, "2": 0.6924589503255466}], "output_bias": [0.34085395522717954]}