{"learning_rate": 0, "alpha": 0, "num_inputs": 1, "hidden_layer": [{"1": 0.24383357679840445}, {"1": 0.1735329308756106}], "output_layer": [{"1": 0.8408193346297526, "2": 0.7299420515797161}]}